"X","long","lat","瘤锅林家","cluster"
7704,126.8236254,37.49672136,"备肺备",1
7712,126.8237406,37.49656284,"备肺备",1
7706,126.8237954,37.49667681,"备肺备",1
7927,126.8239127,37.49640095,"备肺备",1
7705,126.8241997,37.49635003,"备肺备",1
7701,126.8247504,37.49601849,"备肺备",1
7928,126.8251443,37.49565509,"备肺备",1
7702,126.8252673,37.49568609,"备肺备",1
7703,126.8252673,37.49568609,"备肺备",1
7713,126.8254179,37.49543398,"备肺备",1
7700,126.8255471,37.49544009,"备肺备",1
7691,126.8259831,37.49493845,"备肺备",1
7690,126.826072,37.49483535,"备肺备",1
7714,126.8262091,37.49475981,"备肺备",1
7716,126.8265629,37.49458541,"备肺备",1
7693,126.8267525,37.49445953,"备肺备",1
7715,126.8269466,37.49425486,"备肺备",1
7929,126.8270034,37.49335739,"备肺备",1
7930,126.8270049,37.49319511,"备肺备",1
7689,126.8271495,37.49398584,"备肺备",1
7688,126.827188,37.49390411,"备肺备",1
7692,126.8272074,37.49380519,"备肺备",1
7695,126.827213,37.4933599,"备肺备",1
7696,126.827213,37.4933599,"备肺备",1
7694,126.8272138,37.49334013,"备肺备",1
7699,126.8272265,37.49330741,"备肺备",1
7698,126.8272896,37.49327599,"备肺备",1
7697,126.8278347,37.49327558,"备肺备",1
7730,126.828948,37.50238452,"备肺备",1
7717,126.828989,37.50462612,"备肺备",1
7728,126.8290162,37.5060066,"备肺备",1
7707,126.8290301,37.49878849,"备肺备",1
7708,126.8290301,37.49878849,"备肺备",1
7722,126.8291014,37.49771455,"备肺备",1
7709,126.8291201,37.50060968,"备肺备",1
7731,126.8291214,37.50076771,"备肺备",1
7723,126.8291264,37.49760706,"备肺备",1
7718,126.8291306,37.50249446,"备肺备",1
7686,126.8291952,37.49329114,"备肺备",1
7687,126.8291952,37.49329114,"备肺备",1
7724,126.8292023,37.49726224,"备肺备",1
7656,126.8292036,37.49899511,"备肺备",1
7729,126.8292087,37.50599508,"备肺备",1
7719,126.8293035,37.49772248,"备肺备",1
7720,126.8293529,37.49744193,"备肺备",1
7721,126.8294399,37.49715261,"备肺备",1
7727,126.8295499,37.49653695,"备肺备",1
7725,126.8296112,37.4964267,"备肺备",1
7657,126.8297066,37.49659571,"备肺备",1
7726,126.8302416,37.49533054,"备肺备",1
7658,126.8303712,37.49545889,"备肺备",1
7683,126.8308143,37.49425013,"备肺备",1
7681,126.8310198,37.4943707,"备肺备",1
7684,126.8312734,37.49330402,"备肺备",1
7685,126.8314975,37.49372301,"备肺备",1
7682,126.8317109,37.49337996,"备肺备",1
7674,126.832098,37.49328601,"备肺备",1
7680,126.8321664,37.49328669,"备肺备",1
7676,126.8322048,37.49328765,"备肺备",1
7678,126.832469,37.49329426,"备肺备",1
7675,126.8325356,37.49329593,"备肺备",1
7677,126.832575,37.49329649,"备肺备",1
7679,126.832575,37.49329649,"备肺备",1
7711,126.8341593,37.49332021,"备肺备",1
7710,126.8342784,37.49332207,"备肺备",1
7669,126.8343904,37.49332313,"备肺备",1
7668,126.8347653,37.49332666,"备肺备",1
7667,126.8348271,37.49332724,"备肺备",1
7670,126.8348771,37.49332773,"备肺备",1
7671,126.8353586,37.49333244,"备肺备",1
7672,126.8354315,37.49334981,"备肺备",1
7673,126.8355018,37.49336679,"备肺备",1
7903,126.8360759,37.48886253,"备肺备",1
7660,126.8362893,37.49337671,"备肺备",1
7911,126.8363527,37.48874189,"备肺备",1
7912,126.8363527,37.48874189,"备肺备",1
7913,126.8363527,37.48874189,"备肺备",1
7659,126.8364358,37.49337633,"备肺备",1
7663,126.8365254,37.49337272,"备肺备",1
7664,126.8365254,37.49337272,"备肺备",1
7902,126.836633,37.48831298,"备肺备",1
7900,126.83668,37.48837934,"备肺备",1
7901,126.8367271,37.48844569,"备肺备",1
7665,126.8370415,37.49335009,"备肺备",1
7666,126.8370415,37.49335009,"备肺备",1
7661,126.8370434,37.49327741,"备肺备",1
7662,126.8372353,37.49335316,"备肺备",1
7899,126.8373598,37.48942766,"备肺备",1
7909,126.839092,37.49060901,"备肺备",1
7910,126.839092,37.49060901,"备肺备",1
7921,126.8392475,37.49092785,"备肺备",1
7922,126.8392475,37.49092785,"备肺备",1
7905,126.8395951,37.48742616,"备肺备",1
7894,126.839606,37.48760716,"备肺备",1
7898,126.8396393,37.48586121,"备肺备",1
7926,126.8396414,37.48650028,"备肺备",1
7896,126.8396542,37.48904578,"备肺备",1
7897,126.8396754,37.48612861,"备肺备",1
7904,126.8397178,37.48953624,"备肺备",1
7895,126.8399393,37.48985031,"备肺备",1
7893,126.8404411,37.49045988,"备肺备",1
7892,126.8405982,37.49080495,"备肺备",1
7925,126.8406465,37.49157119,"备肺备",1
7891,126.840662,37.49111478,"备肺备",1
7919,126.8406905,37.49186687,"备肺备",1
7920,126.8406905,37.49186687,"备肺备",1
7890,126.8407076,37.49168255,"备肺备",1
7918,126.8415997,37.49244009,"备肺备",1
7915,126.8416543,37.49230769,"备肺备",1
7906,126.8417558,37.49254401,"备肺备",1
7907,126.8417558,37.49254401,"备肺备",1
7914,126.8423342,37.49291212,"备肺备",1
7924,126.8427895,37.49319028,"备肺备",1
7916,126.8428296,37.49304929,"备肺备",1
7917,126.8428296,37.49304929,"备肺备",1
7883,126.8434637,37.49333098,"备肺备",1
7923,126.8435546,37.49353361,"备肺备",1
7882,126.8439426,37.49349457,"备肺备",1
7884,126.8439426,37.49349457,"备肺备",1
7885,126.8440781,37.49370139,"备肺备",1
7886,126.8442575,37.49358876,"备肺备",1
7887,126.8449833,37.49376338,"备肺备",1
7953,126.8450992,37.47372454,"备肺备",3
7952,126.8451573,37.47414775,"备肺备",3
7951,126.8452197,37.4746025,"备肺备",3
7933,126.845298,37.47517289,"备肺备",3
7932,126.8453732,37.47572779,"备肺备",3
7934,126.8453732,37.47572779,"备肺备",3
7950,126.8454719,37.47642298,"备肺备",3
7947,126.8455268,37.47692201,"备肺备",3
7908,126.8455946,37.49390523,"备肺备",1
7948,126.8456053,37.47753269,"备肺备",3
7949,126.8456731,37.47798984,"备肺备",3
7889,126.8457273,37.49409279,"备肺备",1
7945,126.8457638,37.47868171,"备肺备",3
7946,126.8457638,37.47868171,"备肺备",3
7931,126.8458271,37.47920538,"备肺备",3
7939,126.8458715,37.48013307,"备肺备",3
7940,126.8458904,37.4805287,"备肺备",3
7941,126.8459999,37.48097233,"备肺备",3
7943,126.8459999,37.48097233,"备肺备",3
7942,126.8461856,37.48133141,"备肺备",3
7944,126.8461856,37.48133141,"备肺备",3
7935,126.8464212,37.48163322,"备肺备",3
7937,126.8464212,37.48163322,"备肺备",3
7936,126.846753,37.48189981,"备肺备",3
7938,126.846753,37.48189981,"备肺备",3
7274,126.8470743,37.48212464,"备肺备",3
7275,126.8470743,37.48212464,"备肺备",3
7276,126.8473082,37.48220325,"备肺备",3
7283,126.8475767,37.48224316,"备肺备",3
7284,126.8475767,37.48224316,"备肺备",3
7888,126.8478328,37.49447126,"备肺备",1
7285,126.848047,37.48227906,"备肺备",3
7286,126.848047,37.48227906,"备肺备",3
7277,126.8484975,37.48223215,"备肺备",3
7278,126.8484975,37.48223215,"备肺备",3
7287,126.848891,37.48213127,"备肺备",3
7272,126.8494519,37.48198747,"备肺备",3
7270,126.8499681,37.48186012,"备肺备",3
7273,126.8499681,37.48186012,"备肺备",3
7271,126.8501085,37.48189847,"备肺备",3
7268,126.8504744,37.48173698,"备肺备",3
7269,126.8504744,37.48173698,"备肺备",3
7282,126.8508564,37.48169344,"备肺备",3
7280,126.8512953,37.48170772,"备肺备",3
7279,126.8517768,37.48172765,"备肺备",3
7281,126.8517768,37.48172765,"备肺备",3
7266,126.8524162,37.48198054,"备肺备",3
7267,126.8524162,37.48198054,"备肺备",3
7265,126.8527207,37.48219688,"备肺备",3
7264,126.8529636,37.48224759,"备肺备",3
7326,126.8536948,37.48284616,"备肺备",3
7325,126.8539586,37.48329554,"备肺备",3
7327,126.8539586,37.48329554,"备肺备",3
7329,126.8541223,37.48365111,"备肺备",3
7328,126.854339,37.48409437,"备肺备",3
7330,126.854339,37.48409437,"备肺备",3
7317,126.8545872,37.48458081,"备肺备",3
7318,126.8548079,37.48499426,"备肺备",3
7323,126.8548079,37.48499426,"备肺备",3
7319,126.8550215,37.48528844,"备肺备",3
7324,126.8550215,37.48528844,"备肺备",3
7320,126.8553928,37.48557156,"备肺备",3
7321,126.8553928,37.48557156,"备肺备",3
7322,126.8556833,37.48570313,"备肺备",3
7315,126.8558973,37.48576561,"备肺备",3
7316,126.8562914,37.48584725,"备肺备",3
7313,126.856841,37.48586402,"备肺备",3
7314,126.856841,37.48586402,"备肺备",3
7311,126.8571949,37.48588504,"备肺备",3
7307,126.8575604,37.48596482,"备肺备",3
7312,126.8575604,37.48596482,"备肺备",3
7308,126.857843,37.4861404,"备肺备",3
7309,126.8578777,37.48618197,"备肺备",3
7310,126.8579869,37.48646798,"备肺备",3
7306,126.8580273,37.48651179,"备肺备",3
7338,126.8580657,37.50977049,"备肺备",3
7341,126.8580657,37.50977049,"备肺备",3
7342,126.8580657,37.50977049,"备肺备",3
7337,126.858197,37.50981454,"备肺备",3
7303,126.8582977,37.48684693,"备肺备",3
7339,126.8584769,37.50910381,"备肺备",3
7305,126.8585381,37.48713024,"备肺备",3
7304,126.8587984,37.48721226,"备肺备",3
7301,126.8591739,37.48765135,"备肺备",3
7296,126.8591893,37.48796625,"备肺备",3
7297,126.8593823,37.48811628,"备肺备",3
7299,126.8595307,37.48807496,"备肺备",3
7302,126.8595307,37.48807496,"备肺备",3
7298,126.859618,37.48837492,"备肺备",3
7300,126.859618,37.48837492,"备肺备",3
7340,126.859636,37.50718503,"备肺备",3
7336,126.8597297,37.50702465,"备肺备",3
7352,126.8598321,37.50684677,"备肺备",3
7349,126.8599297,37.5066955,"备肺备",3
7350,126.8600606,37.50649263,"备肺备",3
7353,126.8600606,37.50649263,"备肺备",3
7294,126.8601266,37.48888382,"备肺备",3
7348,126.8603067,37.50608346,"备肺备",3
7347,126.8603182,37.50658911,"备肺备",3
7351,126.8603351,37.50603618,"备肺备",3
7358,126.8603682,37.50598149,"备肺备",3
7354,126.8606134,37.50611054,"备肺备",3
7359,126.860647,37.50605609,"备肺备",3
7344,126.8606624,37.5054952,"备肺备",3
7345,126.8606809,37.50599993,"备肺备",3
7346,126.8606809,37.50599993,"备肺备",3
7295,126.8609422,37.48987851,"备肺备",3
7343,126.8613414,37.50491131,"备肺备",3
7363,126.8613648,37.50432083,"备肺备",3
7376,126.8613648,37.50432083,"备肺备",3
7357,126.8613954,37.50482306,"备肺备",3
7369,126.8614326,37.50420493,"备肺备",3
7361,126.8614416,37.50474916,"备肺备",3
7360,126.8615245,37.50405558,"备肺备",3
7364,126.8615245,37.50405558,"备肺备",3
7293,126.8616048,37.49053361,"备肺备",3
7367,126.8618103,37.50415925,"备肺备",3
7365,126.8619638,37.50333752,"备肺备",3
7374,126.8619638,37.50333752,"备肺备",3
7372,126.862229,37.50345005,"备肺备",3
7373,126.862229,37.50345005,"备肺备",3
7370,126.8623099,37.50331396,"备肺备",3
7371,126.8623387,37.50326231,"备肺备",3
7378,126.8623387,37.50326231,"备肺备",3
7289,126.8624795,37.49099325,"备肺备",3
7375,126.8627142,37.50201737,"备肺备",3
7290,126.8628858,37.49110044,"备肺备",3
7377,126.8629265,37.50221672,"备肺备",3
7362,126.8629511,37.5021733,"备肺备",3
7332,126.8629752,37.49127044,"备肺备",3
7366,126.8629801,37.50212415,"备肺备",3
7368,126.8629801,37.50212415,"备肺备",3
7333,126.8631586,37.49120603,"备肺备",3
7382,126.8634238,37.50076529,"备肺备",3
7388,126.8634238,37.50076529,"备肺备",3
7381,126.8634695,37.50068117,"备肺备",3
7380,126.8635147,37.50059419,"备肺备",3
7383,126.8635147,37.50059419,"备肺备",3
7291,126.8635722,37.49123282,"备肺备",3
7384,126.8635992,37.50043165,"备肺备",3
7387,126.8636671,37.50030094,"备肺备",3
7288,126.8636694,37.49121425,"备肺备",3
7385,126.8637536,37.50014359,"备肺备",3
7389,126.8637706,37.50071827,"备肺备",3
7390,126.8637706,37.50071827,"备肺备",3
7402,126.8638193,37.50062695,"备肺备",3
7401,126.8638679,37.50053596,"备肺备",3
7400,126.8640192,37.50025783,"备肺备",3
7292,126.8644232,37.49138313,"备肺备",3
7379,126.8644753,37.49880941,"备肺备",3
7386,126.8644753,37.49880941,"备肺备",3
7261,126.8648491,37.49159927,"备肺备",3
7263,126.8648491,37.49159927,"备肺备",3
7399,126.8650201,37.49837843,"备肺备",3
7259,126.8652734,37.49191203,"备肺备",3
7262,126.8652734,37.49191203,"备肺备",3
7258,126.8656918,37.49226458,"备肺备",3
7260,126.8656918,37.49226458,"备肺备",3
7257,126.8660675,37.49259907,"备肺备",3
7255,126.8663081,37.49280563,"备肺备",3
7256,126.8663081,37.49280563,"备肺备",3
7251,126.8664686,37.49311265,"备肺备",3
7331,126.8667857,37.49335741,"备肺备",3
7254,126.8670524,37.4935632,"备肺备",3
7253,126.8671121,37.49385643,"备肺备",3
7252,126.8671269,37.49372242,"备肺备",3
7249,126.8674909,37.49389997,"备肺备",3
7250,126.8674909,37.49389997,"备肺备",3
7397,126.8680309,37.49722732,"备肺备",3
7398,126.8682715,37.49715089,"备肺备",3
7586,126.8684381,37.49545133,"备肺备",3
7567,126.8685424,37.49728388,"备肺备",3
7570,126.8685424,37.49728388,"备肺备",3
7556,126.86864,37.49775539,"备肺备",3
7571,126.86864,37.49775539,"备肺备",3
7557,126.8686877,37.49671386,"备肺备",3
7566,126.8686877,37.49671386,"备肺备",3
7624,126.8687534,37.49498648,"备肺备",3
7632,126.8687534,37.49498648,"备肺备",3
7577,126.8687654,37.49814862,"备肺备",3
7559,126.8688011,37.49620513,"备肺备",3
7582,126.8688011,37.49620513,"备肺备",3
7587,126.8689427,37.49567477,"备肺备",3
7593,126.8689427,37.49567477,"备肺备",3
7580,126.8689572,37.4986801,"备肺备",3
7594,126.8689685,37.49572113,"备肺备",3
7555,126.8691592,37.49924348,"备肺备",3
7581,126.8691592,37.49924348,"备肺备",3
7553,126.8693335,37.49973657,"备肺备",3
7573,126.8693335,37.49973657,"备肺备",3
7355,126.8694906,37.50016815,"备肺备",3
7356,126.8694906,37.50016815,"备肺备",3
7623,126.8697107,37.49215493,"备肺备",3
7564,126.8698237,37.50036481,"备肺备",3
7576,126.8698237,37.50036481,"备肺备",3
7622,126.8698904,37.49144926,"备肺备",3
7565,126.8699207,37.50049234,"备肺备",3
7569,126.8700602,37.50087432,"备肺备",3
7629,126.8700753,37.49069256,"备肺备",3
7630,126.8700753,37.49069256,"备肺备",3
7590,126.8702633,37.49657468,"备肺备",3
7591,126.8702659,37.49663958,"备肺备",3
7628,126.8703424,37.48960815,"备肺备",3
7589,126.8704111,37.49637404,"备肺备",3
7592,126.8704634,37.49680949,"备肺备",3
7595,126.8704634,37.49680949,"备肺备",3
7588,126.870465,37.4963312,"备肺备",3
7561,126.870468,37.50199029,"备肺备",3
7636,126.8705752,37.49630176,"备肺备",3
7635,126.8706362,37.49625971,"备肺备",3
7621,126.8707719,37.49548655,"备肺备",3
7584,126.8708574,37.49780302,"备肺备",3
7585,126.8708574,37.49780302,"备肺备",3
7391,126.8709048,37.50318588,"备肺备",3
7392,126.8709048,37.50318588,"备肺备",3
7625,126.8709896,37.49436179,"备肺备",3
7631,126.8709896,37.49436179,"备肺备",3
7637,126.8709896,37.49436179,"备肺备",3
7558,126.8710189,37.49835202,"备肺备",3
7562,126.8710189,37.49835202,"备肺备",3
7572,126.8710189,37.49835202,"备肺备",3
7639,126.871085,37.49508665,"备肺备",3
7626,126.8711298,37.49353545,"备肺备",3
7638,126.8711298,37.49353545,"备肺备",3
7640,126.8711336,37.49521729,"备肺备",3
7554,126.8712175,37.49905239,"备肺备",3
7393,126.8712391,37.50410175,"备肺备",3
7560,126.8712689,37.49953991,"备肺备",3
7395,126.8712823,37.50498203,"备肺备",3
7396,126.8712823,37.50498203,"备肺备",3
7641,126.8713828,37.49528681,"备肺备",3
7394,126.8714021,37.50454835,"备肺备",3
7627,126.8714678,37.49175782,"备肺备",3
7633,126.8714678,37.49175782,"备肺备",3
7634,126.8715234,37.49130266,"备肺备",3
7551,126.8715405,37.4989508,"备肺备",3
7552,126.8715405,37.4989508,"备肺备",3
7583,126.8716429,37.49956904,"备肺备",3
7568,126.8716433,37.50022515,"备肺备",3
7732,126.8719269,37.48931123,"备肺备",3
7574,126.8719615,37.5011266,"备肺备",3
7733,126.8721659,37.48819396,"备肺备",3
7575,126.8722334,37.50189537,"备肺备",3
7578,126.8722334,37.50189537,"备肺备",3
7563,126.8725695,37.50284519,"备肺备",3
7579,126.8725695,37.50284519,"备肺备",3
7777,126.8743366,37.51118691,"备肺备",4
7780,126.8743366,37.51118691,"备肺备",4
7791,126.8744862,37.50727288,"备肺备",4
7792,126.8745237,37.5072898,"备肺备",4
7788,126.8748042,37.50847161,"备肺备",4
7790,126.8748042,37.50847161,"备肺备",4
7779,126.8750578,37.51199205,"备肺备",4
7781,126.8750578,37.51199205,"备肺备",4
7789,126.8754429,37.50922388,"备肺备",4
7782,126.8764578,37.51041895,"备肺备",4
7857,126.8771419,37.50575049,"备肺备",3
7776,126.8772453,37.5113386,"备肺备",4
7778,126.8772453,37.5113386,"备肺备",4
7550,126.877798,37.51571957,"备肺备",4
7858,126.8778369,37.50609668,"备肺备",3
7775,126.8778978,37.51168672,"备肺备",4
7742,126.8781165,37.51570283,"备肺备",4
7734,126.878172,37.51235276,"备肺备",4
7735,126.878172,37.51235276,"备肺备",4
7743,126.878172,37.51235276,"备肺备",4
7784,126.878284,37.51142621,"备肺备",4
7859,126.878384,37.50643722,"备肺备",3
7860,126.878384,37.50643722,"备肺备",3
7741,126.8783927,37.51568504,"备肺备",4
7867,126.8785062,37.50652298,"备肺备",3
7787,126.8785193,37.51173381,"备肺备",4
7862,126.8785303,37.50657946,"备肺备",3
7863,126.8785303,37.50657946,"备肺备",3
7786,126.8785333,37.51174007,"备肺备",4
7785,126.8785476,37.51172898,"备肺备",4
7783,126.8785584,37.51125876,"备肺备",4
7740,126.878594,37.51575496,"备肺备",4
7751,126.8786974,37.51294456,"备肺备",4
7739,126.8787316,37.51581467,"备肺备",4
7738,126.8788538,37.51591815,"备肺备",4
7737,126.8790369,37.51634624,"备肺备",4
7744,126.8790613,37.51343187,"备肺备",4
7752,126.8790613,37.51343187,"备肺备",4
7745,126.8791003,37.51374505,"备肺备",4
7770,126.8791538,37.5168282,"备肺备",4
7771,126.8791538,37.5168282,"备肺备",4
7753,126.8792535,37.5139087,"备肺备",4
7864,126.879537,37.50726427,"备肺备",3
7865,126.879537,37.50726427,"备肺备",3
7866,126.879537,37.50726427,"备肺备",3
7754,126.8795526,37.51418009,"备肺备",4
7861,126.8796816,37.50736303,"备肺备",3
7750,126.8797753,37.5141815,"备肺备",4
7768,126.8803399,37.51474128,"备肺备",4
7769,126.8803399,37.51474128,"备肺备",4
7854,126.8805029,37.50794002,"备肺备",3
7855,126.880552,37.50797783,"备肺备",3
7856,126.8806809,37.50805588,"备肺备",3
7772,126.8808113,37.51526575,"备肺备",4
7773,126.8808113,37.51526575,"备肺备",4
7774,126.8808113,37.51526575,"备肺备",4
7746,126.8808746,37.51552538,"备肺备",4
7747,126.8809279,37.51557463,"备肺备",4
7748,126.8809922,37.51560268,"备肺备",4
7531,126.8811199,37.50373136,"备肺备",3
7764,126.8811654,37.51564145,"备肺备",4
7736,126.8814747,37.51617436,"备肺备",4
7749,126.8814747,37.51617436,"备肺备",4
7755,126.8814747,37.51617436,"备肺备",4
7869,126.8816053,37.50744034,"备肺备",3
7756,126.881751,37.51621477,"备肺备",4
7762,126.881844,37.51581391,"备肺备",4
7853,126.8818834,37.5088829,"备肺备",3
7880,126.8819979,37.50897417,"备肺备",3
7881,126.8820911,37.50904845,"备肺备",3
7763,126.8822715,37.515153,"备肺备",4
7766,126.8823818,37.51512089,"备肺备",4
7852,126.8825122,37.50935193,"备肺备",3
7483,126.8827817,37.50021597,"备肺备",4
7767,126.8828115,37.51487706,"备肺备",4
7757,126.882861,37.51480013,"备肺备",4
7758,126.8829613,37.51470022,"备肺备",4
7878,126.883034,37.50970182,"备肺备",3
7759,126.8831043,37.51464463,"备肺备",4
7868,126.8831656,37.50522359,"备肺备",3
7487,126.8832575,37.50020603,"备肺备",4
7760,126.8832769,37.5146441,"备肺备",4
7761,126.8833828,37.51461232,"备肺备",4
7484,126.8833948,37.49961476,"备肺备",4
7765,126.8834038,37.51460088,"备肺备",4
7472,126.883705,37.49935051,"备肺备",4
7802,126.8839095,37.51434257,"备肺备",4
7803,126.8839095,37.51434257,"备肺备",4
7486,126.8839175,37.49966473,"备肺备",4
7475,126.8839344,37.49921323,"备肺备",4
7876,126.8839437,37.5103444,"备肺备",3
7469,126.8841147,37.49914144,"备肺备",4
7877,126.8846264,37.51085258,"备肺备",3
7879,126.8846264,37.51085258,"备肺备",3
7470,126.8846306,37.49894476,"备肺备",4
7481,126.8847269,37.49890961,"备肺备",4
7800,126.8847365,37.51092768,"备肺备",3
7485,126.8847458,37.49922222,"备肺备",4
7476,126.8847571,37.49896146,"备肺备",4
7801,126.8848325,37.51099746,"备肺备",3
7473,126.88486,37.49913807,"备肺备",4
7517,126.8848808,37.49917375,"备肺备",4
7518,126.8848808,37.49917375,"备肺备",4
7519,126.8848808,37.49917375,"备肺备",4
7870,126.8850748,37.50660465,"备肺备",3
7871,126.8850748,37.50660465,"备肺备",3
7804,126.885302,37.51327033,"备肺备",4
7810,126.8854114,37.51331965,"备肺备",4
7516,126.8854948,37.49894621,"备肺备",4
7474,126.8855671,37.49859724,"备肺备",4
7482,126.8855671,37.49859724,"备肺备",4
7872,126.8855789,37.50688656,"备肺备",3
7797,126.8857147,37.51163422,"备肺备",3
7798,126.8857147,37.51163422,"备肺备",3
7468,126.8857567,37.49850026,"备肺备",4
7811,126.8858754,37.51329219,"备肺备",4
7471,126.8859321,37.49878649,"备肺备",4
7478,126.8859321,37.49878649,"备肺备",4
7477,126.8859891,37.49837697,"备肺备",4
7480,126.8859891,37.49837697,"备肺备",4
7479,126.8860416,37.49878607,"备肺备",4
7814,126.8860714,37.51341481,"备肺备",4
7812,126.8860881,37.51330622,"备肺备",4
7813,126.8861367,37.51334257,"备肺备",4
7522,126.8862221,37.49884818,"备肺备",4
7525,126.8862221,37.49884818,"备肺备",4
7528,126.8862221,37.49884818,"备肺备",4
7809,126.8862293,37.51327855,"备肺备",4
7514,126.8862777,37.49854162,"备肺备",4
7523,126.8862939,37.49877282,"备肺备",4
7515,126.8862946,37.49862773,"备肺备",4
7513,126.8863401,37.49847752,"备肺备",4
7524,126.8863726,37.4986903,"备肺备",4
7530,126.8863726,37.4986903,"备肺备",4
7844,126.8864386,37.50771006,"备肺备",3
7793,126.8865712,37.51225546,"备肺备",4
7795,126.8865712,37.51225546,"备肺备",4
7799,126.8865712,37.51225546,"备肺备",4
7466,126.8865806,37.49771086,"备肺备",4
7467,126.8865806,37.49771086,"备肺备",4
7874,126.8865937,37.50757867,"备肺备",3
7875,126.8865937,37.50757867,"备肺备",3
7461,126.8866446,37.49763739,"备肺备",4
7808,126.886674,37.51309773,"备肺备",4
7829,126.8866839,37.50893735,"备肺备",3
7873,126.8867343,37.50780017,"备肺备",3
7794,126.8869435,37.5123391,"备肺备",4
7796,126.8869435,37.5123391,"备肺备",4
7458,126.8869526,37.49780399,"备肺备",4
7807,126.8869671,37.51290477,"备肺备",4
7463,126.8869898,37.49775874,"备肺备",4
7464,126.8869898,37.49775874,"备肺备",4
7465,126.8869898,37.49775874,"备肺备",4
7830,126.8870528,37.50935003,"备肺备",3
7527,126.8872822,37.49946514,"备肺备",4
7806,126.8872938,37.51278196,"备肺备",4
7848,126.8873118,37.5085882,"备肺备",3
7462,126.8874776,37.49666441,"备肺备",4
7521,126.8874794,37.49958652,"备肺备",4
7529,126.8874794,37.49958652,"备肺备",4
7543,126.8875465,37.49963157,"备肺备",4
7520,126.8875596,37.49949408,"备肺备",4
7805,126.8875948,37.51275561,"备肺备",4
7526,126.8876202,37.49942424,"备肺备",4
7536,126.8876805,37.49970247,"备肺备",4
7542,126.8876805,37.49970247,"备肺备",4
7460,126.8877321,37.49686208,"备肺备",4
7850,126.8877596,37.50891845,"备肺备",3
7815,126.8879017,37.51263631,"备肺备",4
7816,126.8879017,37.51263631,"备肺备",4
7819,126.8879386,37.511921,"备肺备",4
7505,126.8880225,37.50458296,"备肺备",4
7642,126.8881097,37.49590235,"备肺备",4
7459,126.8881177,37.49640168,"备肺备",4
7405,126.8881737,37.49633463,"备肺备",4
7403,126.8882228,37.4962739,"备肺备",4
7404,126.8882228,37.4962739,"备肺备",4
7548,126.888235,37.49976083,"备肺备",4
7817,126.8882407,37.51175414,"备肺备",4
7820,126.8882407,37.51175414,"备肺备",4
7823,126.8882546,37.51240128,"备肺备",4
7541,126.8883137,37.50003722,"备肺备",4
7534,126.8883284,37.50019333,"备肺备",4
7503,126.8883719,37.50453929,"备肺备",4
7533,126.8883743,37.50021755,"备肺备",4
7408,126.8884185,37.50024025,"备肺备",4
7847,126.8884372,37.50902216,"备肺备",3
7409,126.8884615,37.50019124,"备肺备",4
7646,126.8885008,37.49542231,"备肺备",4
7643,126.8887074,37.4951799,"备肺备",4
7849,126.8887349,37.50953299,"备肺备",3
7851,126.8887349,37.50953299,"备肺备",3
7822,126.8887624,37.51214891,"备肺备",4
7818,126.8887662,37.51142397,"备肺备",4
7600,126.8887856,37.49556203,"备肺备",4
7615,126.8887856,37.49556203,"备肺备",4
7620,126.8887856,37.49556203,"备肺备",4
7843,126.8888456,37.50940502,"备肺备",3
7544,126.888863,37.50033261,"备肺备",4
7645,126.8889135,37.49493813,"备肺备",4
7509,126.8889234,37.50471202,"备肺备",4
7845,126.8889234,37.50931508,"备肺备",3
7846,126.8889234,37.50931508,"备肺备",3
7504,126.8889368,37.50506079,"备肺备",4
7508,126.8889674,37.50466039,"备肺备",4
7821,126.889008,37.51200519,"备肺备",4
7497,126.8890152,37.50496989,"备肺备",4
7507,126.8890207,37.50468795,"备肺备",4
7537,126.8890408,37.50042281,"备肺备",4
7539,126.8890408,37.50042281,"备肺备",4
7644,126.8890498,37.49500267,"备肺备",4
7491,126.8890748,37.50490076,"备肺备",4
7498,126.8890748,37.50490076,"备肺备",4
7502,126.8890748,37.50490076,"备肺备",4
7450,126.8890856,37.50472112,"备肺备",4
7535,126.8891046,37.50061877,"备肺备",4
7545,126.8891062,37.50045572,"备肺备",4
7538,126.8891131,37.50033842,"备肺备",4
7833,126.8891396,37.51115693,"备肺备",4
7532,126.8891584,37.50064544,"备肺备",4
7601,126.8891976,37.49507261,"备肺备",4
7614,126.8891976,37.49507261,"备肺备",4
7406,126.8892226,37.50067727,"备肺备",4
7407,126.8892687,37.50062951,"备肺备",4
7619,126.8892775,37.49562439,"备肺备",4
7832,126.8893302,37.51099573,"备肺备",4
7834,126.8893302,37.51099573,"备肺备",4
7835,126.8893302,37.51099573,"备肺备",4
7611,126.8893954,37.49568495,"备肺备",4
7613,126.8894952,37.49573558,"备肺备",4
7547,126.8895895,37.50046922,"备肺备",4
7831,126.8896369,37.50998838,"备肺备",3
7824,126.8896843,37.51151983,"备肺备",4
7825,126.8896843,37.51151983,"备肺备",4
7826,126.889927,37.51013178,"备肺备",4
7546,126.889938,37.50087132,"备肺备",4
7549,126.889938,37.50087132,"备肺备",4
7827,126.8900065,37.51017112,"备肺备",4
7540,126.8900072,37.50079464,"备肺备",4
7510,126.8901177,37.50531586,"备肺备",4
7512,126.8901177,37.50531586,"备肺备",4
7494,126.8901368,37.50569169,"备肺备",4
7499,126.8901368,37.50569169,"备肺备",4
7511,126.8901694,37.50534,"备肺备",4
7492,126.8902187,37.50558898,"备肺备",4
7451,126.8902324,37.50536937,"备肺备",4
7431,126.89024,37.50575539,"备肺备",4
7493,126.8902698,37.50552491,"备肺备",4
7430,126.8903241,37.50580145,"备肺备",4
7432,126.8903241,37.50580145,"备肺备",4
7828,126.890437,37.51096175,"备肺备",4
7599,126.8905057,37.49626453,"备肺备",4
7489,126.8905553,37.50566913,"备肺备",4
7506,126.8906216,37.50570687,"备肺备",4
7602,126.8906729,37.49606954,"备肺备",4
7604,126.8906729,37.49606954,"备肺备",4
7609,126.8906729,37.49606954,"备肺备",4
7500,126.8907069,37.50575082,"备肺备",4
7598,126.8907115,37.4963723,"备肺备",4
7612,126.8907304,37.49610065,"备肺备",4
7617,126.8908001,37.49613737,"备肺备",4
7836,126.8911123,37.51029029,"备肺备",4
7837,126.8911123,37.51029029,"备肺备",4
7840,126.8913021,37.50989689,"备肺备",4
7839,126.8915216,37.50958284,"备肺备",4
7838,126.891538,37.50955816,"备肺备",4
7842,126.8915761,37.50943433,"备肺备",4
7841,126.8916277,37.50936025,"备肺备",4
7610,126.8919501,37.49702632,"备肺备",4
7452,126.8920175,37.50888249,"备肺备",4
7608,126.8920293,37.49692507,"备肺备",4
7605,126.8920838,37.49709529,"备肺备",4
7606,126.8921077,37.49682478,"备肺备",4
7607,126.8921077,37.49682478,"备肺备",4
7618,126.8921077,37.49682478,"备肺备",4
7453,126.8921344,37.50872681,"备肺备",4
7603,126.8921793,37.49714365,"备肺备",4
7596,126.8922354,37.49688736,"备肺备",4
7433,126.8923025,37.50684418,"备肺备",4
7434,126.8923025,37.50684418,"备肺备",4
7496,126.8923043,37.50657376,"备肺备",4
7501,126.8923043,37.50657376,"备肺备",4
7616,126.892328,37.49693191,"备肺备",4
7421,126.8923695,37.5084294,"备肺备",4
7488,126.8923698,37.50660637,"备肺备",4
7490,126.8923863,37.50673203,"备肺备",4
7495,126.8924502,37.50664648,"备肺备",4
7419,126.892496,37.50694544,"备肺备",4
7420,126.8925539,37.50811257,"备肺备",4
7597,126.8926429,37.49738681,"备肺备",4
7457,126.8926836,37.50206468,"备肺备",4
7456,126.8927084,37.50117608,"备肺备",4
7455,126.8927355,37.50292696,"备肺备",4
7422,126.8927581,37.50774966,"备肺备",4
7454,126.8930961,37.50670193,"备肺备",4
7650,126.8931104,37.49842588,"备肺备",4
7437,126.8931142,37.50506204,"备肺备",4
7439,126.8931519,37.50545112,"备肺备",4
7440,126.8931569,37.50563248,"备肺备",4
7441,126.8931579,37.50581114,"备肺备",4
7652,126.8931787,37.49712387,"备肺备",4
7435,126.8932119,37.49071265,"备肺备",4
7436,126.8932171,37.49047439,"备肺备",4
7648,126.8937417,37.4978425,"备肺备",4
7649,126.8937417,37.4978425,"备肺备",4
7653,126.8937454,37.49553697,"备肺备",4
7647,126.8937984,37.49756294,"备肺备",4
7438,126.8938084,37.50496464,"备肺备",4
7651,126.893896,37.49794456,"备肺备",4
7655,126.8940759,37.49459784,"备肺备",4
7654,126.8942292,37.49582075,"备肺备",4
7413,126.8945499,37.49330375,"备肺备",4
7414,126.8945499,37.49330375,"备肺备",4
7415,126.8946338,37.49456553,"备肺备",4
7416,126.8946338,37.49456553,"备肺备",4
7426,126.8949681,37.49183694,"备肺备",4
7427,126.8949681,37.49183694,"备肺备",4
7429,126.8950488,37.49190961,"备肺备",4
7423,126.8950847,37.49164695,"备肺备",4
7425,126.8950847,37.49164695,"备肺备",4
7424,126.8954212,37.49095386,"备肺备",4
7428,126.8956724,37.49031522,"备肺备",4
7442,126.8962224,37.48887888,"备肺备",4
7417,126.8965333,37.48831284,"备肺备",4
7418,126.8969392,37.48776514,"备肺备",4
7444,126.8973208,37.48736899,"备肺备",4
7447,126.8973208,37.48736899,"备肺备",4
7443,126.8974364,37.48725527,"备肺备",4
7445,126.8975767,37.4871337,"备肺备",4
7446,126.8981808,37.48664656,"备肺备",4
7448,126.8985714,37.48641668,"备肺备",4
7449,126.8992336,37.48600888,"备肺备",4
7412,126.9010161,37.48493702,"备肺备",4
7411,126.9015455,37.48485349,"备肺备",4
7410,126.9025325,37.48468978,"备肺备",4
